query,page,rank_page,rank_abs,title,url,description,result_type,mention_atomberg,mention_orient,mention_havells,mention_crompton,mention_polycab,source,video_title,stats,comments,extracted_brands,sentiment_score
Atomberg,1.0,1.0,1.0,"Atomberg: Buy Best Ceiling Fans, Mixer Grinders & Water Purifier",https://atomberg.com/,"Explore Atomberg's range of energy-saving ceiling fans, mixer grinders, smart water purifier & locks. Designed for modern homes with cutting-edge technology ...",organic,True,False,False,False,False,google,,,,['Buy Best Ceiling Fans'],0.9991387128829956
Atomberg,1.0,2.0,2.0,,https://acr.iitbombay.org/awards/manoj-meena/,,organic,False,False,False,False,False,google,,,,[],0.8172516822814941
Atomberg,1.0,3.0,3.0,Buy atomberg Renesa Smart 1200mm BLDC Ceiling Fan ...,https://www.amazon.in/atomberg-Renesa-Smart-Efficient-Indicators/dp/B0CMQM4Y8W,ENERGY EFFICIENT BLDC TECHNOLOGY: Atomberg Renesa Smart comes with an energy-efficient BLDC motor. This 5-star rated fan provides a superior air delivery of 235 ...,organic,True,False,False,False,False,google,,,,[],0.9989577531814575
Atomberg,1.0,4.0,4.0,Buy Atomberg Fans Online at Best Prices In India,https://www.flipkart.com/fan/atomberg~brand/pr,Atomberg Ameza Remote Controlled|High Air Delivery|LED Speed|Low Noise|Power Saving with 2 Year Warranty BLDC Motor with Remote 1200 mm Ceiling Fan#JustHere.,organic,True,False,False,False,False,google,,,,['Buy Atomberg Fans Online at'],-0.9508864283561707
Atomberg,1.0,5.0,5.0,Atomberg,https://www.instagram.com/atomberg/,Introducing Atomberg Intellon Water Purifier | Smarter Filter. Longer Life. Why you'll love it: ‚Ä¢ India's 1st Adaptive* Water Purifier ‚Ä¢ 2 Years No Questions ...,organic,True,False,False,False,False,google,,,,['Atomberg'],0.997992992401123
Atomberg,1.0,6.0,6.0,Atomberg Technologies,https://in.linkedin.com/company/atomberg-technologies-private-limited,Atomberg became the first brand to make energy-efficient BLDC fans widely available to Indian consumers. And we began helping households save up to 65% on ...,organic,True,False,False,False,False,google,,,,['Atomberg Technologies'],0.9988402724266052
Atomberg,1.0,7.0,7.0,Buy Atomberg Online,https://blinkit.com/brand/Atomberg,"Buy Atomberg at best price and get it delivered at your doorstep ... Atomberg Renesa Enzel 1200 Ceiling Fan (Gloss Black, 35 W). 1 unit. ‚Çπ3,499. ‚Çπ5,660. ADD.",organic,True,False,False,False,False,google,,,,[],-0.9766214489936829
Atomberg,2.0,1.0,8.0,Atomberg Technologies,https://www.facebook.com/gorillafans/,Introducing Atomberg Intellon Water Purifier | Smarter Filter. Longer Life. Why you'll love it: ‚Ä¢ India's 1st Adaptive* Water Purifier ‚Ä¢ 2 Years No Questions ...,organic,True,False,False,False,False,google,,,,['Atomberg Technologies'],0.9982877373695374
Atomberg,2.0,2.0,9.0,Atomberg Ceiling Fans at Best Prices in India ((July 2025)),https://www.bajajfinserv.in/atomberg-ceiling-fans,"The Atomberg ceiling fan price range starts from about Rs. 3,000 and goes up to Rs. 10,000. As you can see from the following table, the Atomberg ceiling fan ...",organic,True,False,False,False,False,google,,,,['Atomberg Ceiling Fans'],-0.9757870435714722
Atomberg,2.0,3.0,10.0,Atomberg Efficio,https://www.sathya.store/brand/atomberg-efficio,"Atomberg Ikano 1200 mm BLDC 5 Star Ceiling Fan with Remote (48IKANO). ‚Çπ3,300. MRP: ‚Çπ4,820 (Save ‚Çπ1,520, 32% off) ; Atomberg Renesa Plus Ceiling Fan ...",organic,True,False,False,False,False,google,,,,[],-0.9750806093215942
Atomberg,2.0,4.0,11.0,Atomberg Home ‚Äì Apps on Google Play,https://play.google.com/store/apps/details,"Use this app to add devices, control them using voice, BLE and Internet. Use this app to link Atomberg devices to Alexa and Google Assistant.",organic,True,False,False,False,False,google,,,,['Atomberg Home'],-0.982930600643158
Atomberg,2.0,5.0,12.0,Atomberg (@atomberg_tech) / X,https://x.com/atomberg_tech,Meet Atomberg Intellon Water Purifier. Smarter filter. Longer life. Because YOU deserve better. What you'll love: 1. It's India's 1st Adaptive* Water Purifier.,organic,True,False,False,False,False,google,,,,['@atomberg_tech'],-0.5207840800285339
Atomberg,2.0,6.0,13.0,Atomberg Technologies,https://www.youtube.com/channel/UCd7r6QLE7B-bG2_WwxLKL8w/videos,Atomberg is in the business of solving invisible household problems and revolutionising the home appliance.,organic,True,False,False,False,False,google,,,,['Atomberg Technologies'],0.9895632863044739
Atomberg,2.0,7.0,14.0,Atomberg,https://dynamicdistributors.in/shop/brand/atomberg/,Atomberg Fans has a rating of 5 stars. All fans produced are energy-efficient fans with low power consumption and high output.,organic,True,False,False,False,False,google,,,,['Atomberg'],0.8060904145240784
Atomberg,2.0,8.0,15.0,"Atomberg Ceiling Fans - Latest Price, Dealers & Retailers ...",https://dir.indiamart.com/impcat/atomberg-ceiling-fans.html,"Atomberg BLDC Ceiling Fans ¬∑ Atomberg Ikano Celing Fan, 365 RPM, 1200 mm ¬∑ 3 Blades Atomberg Renesa+ 600 Mm Bldc Ceiling Fan, 840 RPM ¬∑ 3 Blades CEILING FAN ...",organic,True,False,False,False,False,google,,,,"['Atomberg Ceiling Fans - Latest Price, Dealers & Retailers']",-0.9346222877502441
Atomberg,2.0,9.0,16.0,Buy Atomberg Fans Online at Best Prices,https://www.croma.com/atomberg-fans/bc/b-1169-51,"Atomberg exhaust fans come with energy-efficient BLDC motors and offer noiseless operation. They are highly durable, easy to install, and easy to clean.",organic,True,False,False,False,False,google,,,,['Buy Atomberg Fans Online'],0.9940060377120972
Atomberg,2.0,10.0,17.0,Atomberg,https://www.amazon.in/stores/Atomberg/Atomberg/page/54ABC2F8-DAB5-4E41-87B2-F0DFC577496D,"Follow to get deals, content, and email updates from this brand. Browse all categories.",organic,True,False,False,False,False,google,,,,['Atomberg'],-0.9008157253265381
Atomberg,3.0,1.0,18.0,AtomQuest 2025 - 2025 | 1531272 // Unstop,https://unstop.com/competitions/atomquest-2025-atomberg-technologies-pvt-ltd-1531272,"Shortlisted teams from Round 3 will be paired with Atomberg mentors, who will guide them through the development phase, providing insights, ...",organic,True,False,False,False,False,google,,,,['AtomQuest'],0.9984304308891296
Atomberg,3.0,2.0,19.0,Explore a Range of Atomberg Fans at Best Prices in India,https://www.bajajfinserv.in/atomberg-fan,"19 Jun 2024 ‚Äî Atomberg fans are designed to combine energy efficiency, powerful performance, and modern aesthetics. Utilising advanced BLDC motor technology, ...",organic,True,False,False,False,False,google,,,,"['Best Prices', 'Atomberg Fans']",0.9996515512466431
Atomberg,3.0,3.0,20.0,Atomberg - Dpanda Store,https://shop.dpanda.in/collections/atomberg,5 products ¬∑ Motor Ozeo Ceiling Fan 1200mm - Gloss Brown ¬∑ Motor Ozeo Ceiling Fan 1200mm - Gloss White.,organic,True,False,False,False,False,google,,,,['Atomberg - Dpanda Store'],-0.9969190359115601
,,,,,,"Atomberg Renesa 1200mm üåÄ ‚Äì Smartest Fan in India? üî• BLDC + Voice Control #Shorts
Looking for a stylish and energy-efficient ceiling fan? Meet the Atomberg Renesa Halo Smart 1200mm ‚Äì India's smartest fan with BLDC motor, voice control, iot and LED speed indicator! Perfect for modern homes üè°

‚úÖ Smart Remote + App + Alexa/Google Assistant
‚úÖ 65% Energy Saving with BLDC Technology
‚úÖ LED Speed Indicator + Sleep Mode
‚úÖ Silent Performance for Bedrooms & Living Rooms

üîî Subscribe for more smart home reviews 

#Atomberg #SmartFan #CeilingFan #TechReview #HomeAppliances #Shorts",,,,,,,youtube,Atomberg BLDC Ceiling Fan üí∏ This Fan Saves ‚Çπ1500/year!  Atomberg Renesa Halo #Shorts,"{'viewCount': '235790', 'likeCount': '1940', 'favoriteCount': '0', 'commentCount': '12'}",,[],0.9250866174697876
,,,,,,"Atomberg BLDC Ceiling fan Sleep Mode Use #atombergfan #renesa  #bldcfan Atomberg Fan remote function
Atomberg BLDC fan 
Atomberg renesa Bldc fan 
Atomberg renesa earth brown 
Renesa Bldc fan 
Atomberg Fan remote function 
Atomberg Fan remote control 
Shorts 
Viral video 
Burning fan
#Ceilingfanlight
#atombergfan 
#AtombergFanremotefunction
#bestbldcfan2025 
#bestbldcfan 
#bestbldcfaninindia 
#fanremote",,,,,,,youtube,Atomberg BLDC Ceiling fan Sleep Mode Use #atombergfan #renesa  #bldcfan Atomberg Fan remote function,"{'viewCount': '298176', 'likeCount': '1012', 'favoriteCount': '0', 'commentCount': '7'}",,[],-0.9952850937843323
,,,,,,,,,,,,,youtube,Atomberg renesa smart plus 1200 mm ceiling fan pearl white unboxing #atomberg #atombergfan #renesa,"{'viewCount': '441045', 'likeCount': '2333', 'favoriteCount': '0', 'commentCount': '34'}",,[],0.8172516822814941
,,,,,,"#bldcfan #smartfan #electricalelectricianwireman #google 

Atomberg Renesa 1200mm BLDC Motor 5 Star | Atomberg Ceiling fan Installation

Sales Package =
1 Set of Blades, 1 Remote, Mounting Kit, 1 Motor, 2 Canopies, 1 Down Rod

      Please Subscribe My YouTube Channel  And Support Me .Thanks For Visit My Channel

     üôè  Thank You For Watching Video  üôè


#electricalelectricianwireman,
#Electrical Electrician Wireman,
#‡§á‡§≤‡•á‡§ï‡•ç‡§ü‡•ç‡§∞‡§ø‡§ï‡§≤‡§á‡§≤‡•á‡§ï‡•ç‡§ü‡•ç‡§∞‡•Ä‡§∂‡§ø‡§Ø‡§®‡§µ‡§æ‡§Ø‡§∞‡§Æ‡§®,
#‡§á‡§≤‡•á‡§ï‡•ç‡§ü‡•ç‡§∞‡§ø‡§ï‡§≤,#Electrical,
#‡§á‡§≤‡•á‡§ï‡•ç‡§ü‡•ç‡§∞‡•Ä‡§∂‡§ø‡§Ø‡§®,#Electrician,
#‡§µ‡§æ‡§Ø‡§∞‡§Æ‡§®,#Wireman,
#electrical wiring,#‡§µ‡§ø‡§ú‡•á‡§ö‡•Ä‡§µ‡§æ‡§Ø‡§∞‡§ø‡§Ç‡§ó,
#Electrical,#‡§á‡§≤‡•á‡§ï‡•ç‡§ü‡•ç‡§∞‡§ø‡§ï‡§≤,
#wiring,#‡§µ‡§æ‡§Ø‡§∞‡§ø‡§Ç‡§ó,
#Electrician,#‡§á‡§≤‡•á‡§ï‡•ç‡§ü‡•ç‡§∞‡•Ä‡§∂‡§ø‡§Ø‡§®,
#Wireman,#‡§µ‡§æ‡§Ø‡§∞‡§Æ‡§®,
#Electrician Wireman,#‡§á‡§≤‡•á‡§ï‡•ç‡§ü‡•ç‡§∞‡§ø‡§∂‡§ø‡§Ø‡§®‡§µ‡§æ‡§Ø‡§∞‡§Æ‡§®,
#Electrical,#‡§á‡§≤‡•á‡§ï‡•ç‡§ü‡•ç‡§∞‡§ø‡§ï‡§≤,
#Electrical Electrician Wireman,
#‡§á‡§≤‡•á‡§ï‡•ç‡§ü‡•ç‡§∞‡§ø‡§ï‡§≤ ‡§á‡§≤‡•á‡§ï‡•ç‡§ü‡•ç‡§∞‡•Ä‡§∂‡§ø‡§Ø‡§® ‡§µ‡§æ‡§Ø‡§∞‡§Æ‡§®,
#how,#short,#videos,#electrical,#wiring,#electricalwiring,#google,#google.com,#YouTube,#youtube.com",,,,,,,youtube,Atomberg Renesa 1200mm BLDC Motor 5 Star | Ceiling fan Installation #electricalelectricianwireman,"{'viewCount': '1610314', 'likeCount': '25776', 'favoriteCount': '0', 'commentCount': '239'}",,[],0.8082316517829895
,,,,,,"üëâ A quick comparison of Atomberg Efficio+ and Luminous Fanfare Pro pedestal fans: Speed Test, Oscillation Test, Features Comparison, and Noise Test 

üëâ Features of Atomberg Efficio Plus: BLDC motor only 32W, Dual-use table/pedestal fan, Easy to join & remove guards for cleaning, Double ball bearings & Separate motor for oscillation (Noiseless fan), LED display, high-speed and remote, Price: 3700 (Approx.)

üëâ Features of Normal or Luminous Fanfare Pro: Induction motor, Energy consumption 55-W, Higher durability, Adjustable height, Fast oscillation speed, Fan Speed: 1320 RPM, Air Delivery: 75 CMM, Price: 2300 (Approx.)

-------------------------------

üëâ Lowest Price Links Online:-
Atomberg Efficio+ 400mm Pedestal Fan: https://amzn.to/30OclNG
Luminous FanfarePRO 400MM Pedestal Fan: https://amzn.to/3vtfqRb

-------------------------------

#atombergfan #luminousfan #pedestalfan #bldcfan #standfan",,,,,,,youtube,BLDC Vs Normal Pedestal Fan Of Atomberg & Luminous | Quick Comparison üßê,"{'viewCount': '1247725', 'likeCount': '9088', 'favoriteCount': '0', 'commentCount': '172'}",,[],-0.9921901822090149
,,,,,,"‚ñ∂ My advice for you, buy only Atomberg BLDC exhaust fans available in 150mm, 200mm & 250mm sizes (if you can spend extra bucks üí∏) 
- Motor doesn't heat up as much as an induction motor
- High quality & durable Atomberg exhaust fans body 
- Run this Atomberg Studio Stainless Steel exhaust for 24hrs and it's motor will not fail
- All the spare parts of Atomberg fans available on the official site
- Low power consumption, only 7.5W
- Less vibration

‚ñ∂ More Details & Best Prices Atomberg 150mm exhaust fans:
- Atomberg Studio (Stainless Steel): https://amzn.to/3xMvkaS
- Atomberg Studio (White): https://amzn.to/3EmHSs7
- Atomberg Studio+ (Stainless Steel): https://amzn.to/3rsyBLB
- Atomberg Studio+ (White): https://amzn.to/3oeWKDe

Hoping For A Response @atombergtechnologies2722 

üëâ Get In Touch With Privilege Partners Of Atomberg

üëâ Visit Our Lighting & Electrical Wholesale Shop:-
H-8, Noida Sector 9 (U.P.), D-156, Noida Sector 7 (U.P.)
Ph. No. 9891333382, 9911333382
Google Maps: https://g.page/pronixjbindustries?share

üëâ Any doubts? Ask Me In Comments Or Whatsapp Me

Whatsapp On: +91-9891333382 

üëâ Short, Entertaining Reviews On Our Instagram üòÄ
https://www.instagram.com/pronix.jbindustries/

üí• Buying In Bulk? We Deliver All Over India. Contact For Lowest Prices & Best Quality Lighting and Electrical Goods üí•

#atomberg #exhaustfan #ventilationfan",,,,,,,youtube,"Atomberg Studio Stainless Steel 150mm BLDC Exhaust Fan | High Speed, Silent & Only Consume 7.5W ü§ë","{'viewCount': '2110106', 'likeCount': '12772', 'favoriteCount': '0', 'commentCount': '101'}",,[],0.7459032535552979
,,,,,,,,,,,,,youtube,Atomberg Ikano BLDC ceiling fan,"{'viewCount': '1495019', 'likeCount': '10566', 'favoriteCount': '0', 'commentCount': '70'}",,[],0.8172516822814941
,,,,,,"Amazon Buying Link-
https://amzn.to/42oUsWI

Contact Us:
tanusuperstar786@gmail.com
What‚Äôs App Only +919027815968

Instagram Id :
https://www.instagram.com/tanzeem_malik/profilecard/?igsh=MWtwc2VjbHR2ajkydQ==

atomberg ranesa prime bldc fan,
atomberg renesa prime bldc fan,
atomberg renesa prime 1200mm bldc ceiling fan with regulator,
havells bldc ceiling fan vs atomberg fan,
atomberg renesa bldc ceiling fan,
atomberg fan installation renesa,
crompton cromair vs atomberg renesa,
orient i tome vs atomberg renesa,
crompton energion bldc fan vs atomberg fan,
atomberg fan renesa vs renesa plus,
atomberg fan renesa plus,
atomberg renesa plus ceiling fan,
atomberg renesa plus 1400mm,
atomberg renesa alpha 1200mm,
atomberg fan long term review,
atomberg renesa 1400mm installation,
v guard vs atomberg fan,
1400 mm bldc ceiling fan,
atomberg 28 watt ceiling fan,
atomberg 1200mm vs 1400mm,
atomberg 900mm vs 1200mm Catomberg bldc fan,
atomberg bldc fan repair,
atomberg bldc fan installation,
atomberg bldc fan malayalam,
atomberg bldc fan remote function,
atomberg bldc fan speed problem,
atomberg bldc fan not working,
atomberg bldc fan starting problem,
atomberg bldc fan review,
atomberg bldc fan fitting,
atomberg bldc fan installation malayalam,
atomberg ameza bldc fan,
best atomberg bldc fan,
best atomberg bldc ceiling fan,
crompton bldc fan vs atomberg bldc,
bajaj bldc fan vs atomberg fan,
atomberg efficio exhaust fan for bathroom 250 mm bldc motor,
atomberg studio exhaust fan for bathroom 150mm bldc motor,
atomberg renesa 1400mm bldc motor 3 blade ceiling fan,
atomberg bldc fan connection,
atomberg bldc ceiling fan,
atomberg bldc ceiling fan installation,
atomberg bldc ceiling fan review,
atomberg bldc ceiling fan repair,
atomberg bldc ceiling fan fitting malayalam,
atomberg bldc ceiling fan price,
atomberg bldc ceiling fan malayalam,
atomberg bldc ceiling fan remote control,
atomberg bldc ceiling fan tamil,
crompton vs atomberg bldc fan,
atomberg renesa enzel 1200mm bldc ceiling fan with remote control,
atomberg efficio alpha 1200mm bldc ceiling fan,
atomberg renesa enzel 1200mm bldc ceiling fan,
atomberg efficio alpha 1200mm bldc ceiling fan with remote control,
havells bldc ceiling fan vs atomberg fan,
atomberg renesa smart 1200mm bldc ceiling fan,
atomberg efficio 1400mm bldc ceiling fan,
atomberg bldc exhaust fan,
atomberg bldc exhaust fan installation,
atomberg studio bldc exhaust fan,
atomberg efficio bldc exhaust fan,
atomberg efficio bldc fan,
atomberg studio stainless steel 150mm bldc exhaust fan,
crompton energion hyperjet 1200mm bldc ceiling fan vs atomberg,
atomberg efficio exhaust fan (250mm) with bldc motor,
atomberg bldc ceiling fan fitting,
activa gracia bldc fan vs atomberg fan,
polycab bldc fan vs atomberg fan,
orient bldc fan vs atomberg fan,
v guard bldc fan vs atomberg fan,
polycab bldc ceiling fan vs atomberg fan,
activa bldc ceiling fan vs atomberg fan,
atomberg vs havells bldc fan,
how to repair atomberg bldc fan,
how to install atomberg bldc fan,
how to fit atomberg bldc fan,
havells vs atomberg bldc fan,
atomberg bldc fan installation tamil,
atomberg bldc pedestal fan installation,
atomberg renesa bldc fan installation,
atomberg bldc ceiling fan ikano,
top 5 atomberg bldc ceiling fan in 2024,
atomberg renesa enzel 1200mm bldc ceiling fan installation,
atomberg ikano 1400mm bldc ceiling fan,
atomberg ka bldc fan,
atomberg bldc motor fan,
atomberg bldc wall fan malayalam,
atomberg studio exhaust fan (150mm) with bldc motor,
atomberg 1200mm bldc motor ceiling fan,
atomberg efficio exhaust fan (200mm) with bldc motor,
atomberg efficio bldc motor energy saving 250mm exhaust fan,
atomberg bldc fan noise problem,
orient vs atomberg bldc fan,
installation of bldc atomberg fan,
atomberg bldc fan price,
atomberg bldc fan problems,
atomberg bldc fan power consumption,
atomberg bldc pedestal fan,
atomberg bldc pedestal fan review,
atomberg bldc fan sound problem,
atomberg renesa bldc pedestal fan,
atomberg bldc fan slow speed problem,
atomberg 28 watt ceiling fan,
review of atomberg fans,
atomberg 1400 mm fan,
atomberg fan ameza,
atomberg bldc fan review tamil,
atomberg bldc fan reset,
atomberg bldc stand fan review,
atomberg bldc ceiling fan review tamil,
atomberg renesa bldc fan,
atomberg renesa 1200mm bldc ceiling fan with remote control,
atomberg bldc fan service,
atomberg bldc fan setting,
atomberg bldc stand fan,
atomberg smart bldc fan,
atomberg studio
atomberg bldc fan teardown,
atomberg bldc table fan,
atomberg bldc fan unboxing,
atomberg bldc ceiling fan unboxing,
atomberg aris starlight 1200mm bldc ceiling fan with underlight,
atomberg vs crompton bldc fan,
orient bldc ceiling fan vs atomberg fan,
crompton bldc ceiling fan vs atomberg,
crompton energion bldc fan vs atomberg fan,
atomberg bldc fan warranty claim,

#experiment #tanusuperstar #bldcfan #atombergfan #atombergrenesaprime #bestbldcfaninindia #renesaprimefan #bestceilingdesign #bestceilingfan",,,,,,,youtube,atomberg Renesa Prime 1200mm BLDC Ceiling Fan with Remote Control || Load Testing || RPM Testing,"{'viewCount': '66289', 'likeCount': '535', 'favoriteCount': '0', 'commentCount': '74'}",,[],-0.9962083101272583
,,,,,,"‚úÖ Atomberg Intellon Smart Water Purifier: https://slash.re/atbintw

‚úÖ Konvio Neer Water TDS Meter: https://slash.re/kvinrtd

‚û°Ô∏è Unboxing & Quick Installation Video: https://youtu.be/vzIlV-D5BiA

Kindly ask your questions in the comments below. Please subscribe if this video is helpful to you. Have a wonderful day & night! ^_^ 

#AtombergIntellon #WaterPurifier #TDS 

______________
 
This video contains affiliate links. DeviceBAR will get commissions for purchases made through these links. As an Amazon Associate, we earn commission from qualifying purchases.",,,,,,,youtube,"üíß¬†Checking TDS Levels Of Input Tap, RO Purified & RO Rejected Water! #Shorts","{'viewCount': '1980', 'likeCount': '22', 'favoriteCount': '0', 'commentCount': '4'}",,[],-0.9498294591903687
,,,,,,"Atomberg Renesa 1400mm
mrp 3850 on atomberg website",,,,,,,youtube,Atomberg Renesa 1400mm,"{'viewCount': '3178899', 'likeCount': '30696', 'favoriteCount': '0', 'commentCount': '380'}",,[],-0.9621157050132751
,,,,,,"Here‚Äôs a suggested YouTube video title and description for a video on installing an Atomberg BLDC ceiling fan:


---

üîß Title:

How to Install Atomberg BLDC Ceiling Fan | Step-by-Step Guide (Gorilla Fan)


---

üìÑ Description:

Installing your Atomberg BLDC ceiling fan? Follow this complete step-by-step guide to safely and easily set up your energy-efficient Gorilla fan at home.

üëâ In this video, you'll learn:

Unboxing the Atomberg BLDC fan

Tools you‚Äôll need

Wiring and connections

Mounting the motor and blades

Installing the remote and testing


‚ö° BLDC Technology Benefits:

Saves up to 65% electricity

Works on inverter backup

Silent and powerful performance

Remote control operation


üõ†Ô∏è Tools Required:

Screwdriver

Pliers

Ladder

Wire connectors

Voltage tester (optional)


üí° Important Safety Tips:

Switch off the mains before starting installation

If unsure, consult a certified electrician


üìå Fan Model Used in This Video: Atomberg Renesa (BLDC) 1200mm
‚úÖ Suitable for other Atomberg models like Efficio, Studio+, Renesa+ etc.


---

üîó Buy Atomberg Fans Online:
Amazon: [Insert affiliate link]
Flipkart: [Insert affiliate link]

üì• Have questions? Drop them in the comments and we‚Äôll help you out!

üëç Like | üîî Subscribe | üí¨ Share

#Atomberg #BLDCfan #FanInstallation #EnergySaving #DIYfanInstall #GorillaFan


---

#AtombergFan #BLDCFan #CeilingFanInstallation #FanInstallationGuide #AtombergCeilingFan #BLDCMotorFan #EnergySavingFan #AtombergRemoteFan #HindiFanInstallation #CeilingFanWithRemote #HomeImprovement #DoItYourself #DIYFanInstallation #RemoteControlledFan
Atomberg BLDC Ceiling Fan Installation ‚Äì Full Description & Tags (in Hindi + English)


---

üõ†Ô∏è Installation Description (Full Guide in Hindi):

""Atomberg BLDC Ceiling Fan Installation"" ka process asaan hai, lekin agar aap pehli baar kar rahe hain, toh ye step-by-step guide madad karegi:


---

‡§Ü‡§µ‡§∂‡•ç‡§Ø‡§ï ‡§ü‡•Ç‡§≤‡•ç‡§∏ (Required Tools):

Screwdriver set

Tester

Pliers

Electrical tape

Ladder

Wire connectors

Drill machine (‡§Ö‡§ó‡§∞ ‡§®‡§Ø‡§æ installation ‡§π‡•à)



---

‡§∏‡•ç‡§ü‡•á‡§™-‡§¨‡§æ‡§Ø-‡§∏‡•ç‡§ü‡•á‡§™ ‡§á‡§Ç‡§∏‡•ç‡§ü‡•â‡§≤‡•á‡§∂‡§® ‡§ó‡§æ‡§á‡§°:

1. ‡§™‡§æ‡§µ‡§∞ ‡§∏‡§™‡•ç‡§≤‡§æ‡§à ‡§¨‡§Ç‡§¶ ‡§ï‡§∞‡•á‡§Ç (Switch Off Main Supply):
‡§ï‡§ø‡§∏‡•Ä ‡§≠‡•Ä electrical ‡§ï‡§æ‡§Æ ‡§∏‡•á ‡§™‡§π‡§≤‡•á main MCB ‡§¨‡§Ç‡§¶ ‡§ï‡§∞‡§®‡§æ ‡§ú‡§º‡§∞‡•Ç‡§∞‡•Ä ‡§π‡•à‡•§


2. ‡§™‡•Å‡§∞‡§æ‡§®‡§æ ‡§´‡•à‡§® ‡§π‡§ü‡§æ‡§è‡§Ç (Remove Old Fan):
‡§Ö‡§ó‡§∞ ‡§™‡§π‡§≤‡•á ‡§∏‡•á ‡§ï‡•ã‡§à ‡§´‡•à‡§® ‡§π‡•à, ‡§§‡•ã ‡§â‡§∏‡•á ‡§ß‡•ç‡§Ø‡§æ‡§® ‡§∏‡•á ‡§π‡§ü‡§æ‡§è‡§Ç‡•§ ‡§µ‡§æ‡§Ø‡§∞‡§ø‡§Ç‡§ó ‡§ï‡•ã disconnect ‡§ï‡§∞‡•á‡§Ç‡•§


3. Mounting Bracket ‡§≤‡§ó‡§æ‡§è‡§Ç:
Atomberg fan ‡§ï‡•á ‡§∏‡§æ‡§• ‡§Æ‡§ø‡§≤‡§®‡•á ‡§µ‡§æ‡§≤‡§æ mounting bracket ‡§∏‡•Ä‡§≤‡§ø‡§Ç‡§ó ‡§™‡§∞ ‡§∏‡•ç‡§ï‡•ç‡§∞‡•Ç ‡§∏‡•á ‡§ï‡§∏ ‡§ï‡§∞ ‡§≤‡§ó‡§æ‡§è‡§Ç‡•§


4. Fan Motor ‡§ï‡•ã Mount ‡§ï‡§∞‡•á‡§Ç:
Atomberg fan ke motor unit ko bracket ‡§Æ‡•á‡§Ç ‡§∏‡§π‡•Ä ‡§∏‡•á ‡§≤‡§ó‡§æ‡§è‡§Ç‡•§ ‡§Ø‡§π ‡§Ü‡§∏‡§æ‡§®‡•Ä ‡§∏‡•á ‡§≤‡§ü‡§ï ‡§ú‡§æ‡§§‡§æ ‡§π‡•à‡•§


5. Wiring ‡§ï‡§∞‡•á‡§Ç (Electrical Connection):

Motor ‡§ï‡•á wire ‡§ï‡•ã ceiling wiring ‡§∏‡•á ‡§ú‡•ã‡§°‡§º‡•á‡§Ç (Live, Neutral)

Remote receiver (‡§Ö‡§ó‡§∞ external ‡§π‡•à) ‡§ï‡•ã ‡§¨‡•Ä‡§ö ‡§Æ‡•á‡§Ç ‡§ú‡•ã‡§°‡§º‡•á‡•§

‡§µ‡§æ‡§Ø‡§∞ ‡§ï‡•ã electrical tape ‡§∏‡•á ‡§∏‡•Å‡§∞‡§ï‡•ç‡§∑‡§ø‡§§ ‡§ï‡§∞‡•á‡§Ç‡•§



6. Blade ‡§≤‡§ó‡§æ‡§è‡§Ç:
Fan blades ‡§ï‡•ã motor ‡§Æ‡•á‡§Ç ‡§¶‡§ø‡§è ‡§ó‡§è slots ‡§Æ‡•á‡§Ç ‡§≤‡§ó‡§æ‡§è‡§Ç ‡§î‡§∞ screws ‡§∏‡•á ‡§ü‡§æ‡§á‡§ü ‡§ï‡§∞‡•á‡§Ç‡•§


7. Canopy ‡§≤‡§ó‡§æ‡§è‡§Ç (Covering):
Canopy ‡§ï‡•ã ‡§ä‡§™‡§∞ ‡§∏‡•ç‡§≤‡§æ‡§á‡§° ‡§ï‡§∞‡§ï‡•á ‡§∏‡•ç‡§ï‡•ç‡§∞‡•Ç ‡§∏‡•á ‡§ü‡§æ‡§á‡§ü ‡§ï‡§∞‡•á‡§Ç ‡§§‡§æ‡§ï‡§ø ‡§µ‡§æ‡§Ø‡§∞‡§ø‡§Ç‡§ó ‡§õ‡§ø‡§™ ‡§ú‡§æ‡§è‡•§


8. Remote Battery ‡§°‡§æ‡§≤‡•á‡§Ç:
Remote ‡§Æ‡•á‡§Ç AAA battery ‡§°‡§æ‡§≤‡•á‡§Ç (Atomberg remote included ‡§π‡•ã‡§§‡§æ ‡§π‡•à)‡•§


9. ‡§™‡§æ‡§µ‡§∞ ‡§ö‡§æ‡§≤‡•Ç ‡§ï‡§∞‡•á‡§Ç ‡§î‡§∞ ‡§ü‡•á‡§∏‡•ç‡§ü ‡§ï‡§∞‡•á‡§Ç:
MCB ‡§ö‡§æ‡§≤‡•Ç ‡§ï‡§∞‡•á‡§Ç, ‡§î‡§∞ remote ‡§∏‡•á fan ‡§ï‡•ã ‡§ö‡§æ‡§≤‡•Ç ‡§ï‡§∞ ‡§ï‡•á speed ‡§ö‡•á‡§ï ‡§ï‡§∞‡•á‡§Ç‡•§




---

‚úÖ Atomberg Fan Features (Short Summary):

Energy saving BLDC motor (28W)

Remote control with boost, timer, and sleep modes

No noise, smooth operation

Up to ‚Çπ1500/year electricity saving



---

üìå Suggested YouTube/Blog Title:

""How to Install Atomberg BLDC Ceiling Fan | Step-by-Step Hindi Guide with Remote Setup""


---

üè∑Ô∏è Hashtags / Tags for Video or Blog (SEO Optimized):

#AtombergFan #BLDCFan #CeilingFanInstallation #FanInstallationGuide #AtombergCeilingFan #BLDCMotorFan #EnergySavingFan #AtombergRemoteFan #HindiFanInstallation #CeilingFanWithRemote #HomeImprovement #DoItYourself #DIYFanInstallation #RemoteControlledFan


---

Agar aap chahen toh main aapke liye video script ya infographic format mein bhi ye content ready kar sakta hoon.

Batayein aapko aur kya format chahiye?",,,,,,,youtube,Atomberg bldc fan installation / bldc ceiling fan installation / atomberg ceiling fan fitting #home,"{'viewCount': '2246820', 'likeCount': '23572', 'favoriteCount': '0', 'commentCount': '129'}",,[],-0.9935848116874695
,,,,,,"Atomberg Renesa smart fan #shorts #youtubeshorts #smartgadgets #homeimprovement #amazonfinds #flipkart #atomberg #smarthome #smarthomegadgets #homedecor #ceilingfan 
Atomberg Renesa smart fan |
Smart home appliances |
Smart home gadgets |
Home finds |
Amazon home finds |
Flipkart finds |
Ceiling fan |
Home improvement products |",,,,,,,youtube,Atomberg Renesa smart fan #shorts #youtubeshorts #smartgadgets #homeimprovement #amazonfinds,"{'viewCount': '1273793', 'likeCount': '4755', 'favoriteCount': '0', 'commentCount': '23'}",,[],-0.748615562915802
,,,,,,"#electrician how to assemble ceiling fan
#atomberg Renesa 1200mm BLDC Motor 5 Star Rated Sleek Ceiling Fans
#electrician 
#electrical 
#electricianlife 
#viral 
#video 
#sorts 
#ceiling fan installation
atomberg Renesa+ 1200mm BLDC Motor 5 Star Rated Sleek Ceiling Fans
#i",,,,,,,youtube,#electrician how to assemble ceiling fan #atomberg Renesa 1200mm  Star Rated Sleek Ceiling Fans,"{'viewCount': '548795', 'favoriteCount': '0', 'commentCount': '12'}",,[],0.9227682948112488
,,,,,,Atomberg Efficio Alpha üî•#shorts #cellingfan #atombergfan #atombergefficioalpha #bestcellingfan,,,,,,,youtube,Atomberg Efficio Alpha üî•#shorts #cellingfan #atombergfan #atombergefficioalpha #bestcellingfan,"{'viewCount': '68928', 'likeCount': '270', 'favoriteCount': '0', 'commentCount': '1'}",,[],-0.9837436079978943
,,,,,,"Product Link:
https://amzn.in/d/ekS84W8",,,,,,,youtube,Atomberg Renesa Enzel 1200mm BLDC Ceiling fan #viral #youtubeshorts #atomberg #amazon #kerala,"{'viewCount': '118114', 'likeCount': '925', 'favoriteCount': '0', 'commentCount': '21'}",,[],-0.991005539894104
,,,,,,Atomberg renesa bldc smart ceiling fan ka app control kaise kare dekhiye.,,,,,,,youtube,Atomberg Renesa BLDC smart ceiling fan app control kaise kare. #shorts #youtubeshorts,"{'viewCount': '327642', 'likeCount': '2025', 'favoriteCount': '0', 'commentCount': '83'}",,[],-0.9346019625663757
,,,,,,"Atomberg Rensa Plus BLDC Fan #gadgetshorts  #shorts 
atomberg Renesa+ 1200mm BLDC Motor 5 Star Rated Ceiling Fans for Home with Remote Control 
Buy Link: https://amzn.to/3K0Q5rd
https://fktr.in/21KipgH

#bldcfan #atomberg #rensaplus #atombergrensa #utpadunbox #smartfan",,,,,,,youtube,Atomberg Rensa Plus BLDC Fan #gadgetshorts  #shorts,"{'viewCount': '2398387', 'likeCount': '22185', 'favoriteCount': '0', 'commentCount': '196'}",,[],-0.9869480133056641
,,,,,,,,,,,,,youtube,Don't buy atomberg Fan.... #shorts,"{'viewCount': '903449', 'favoriteCount': '0', 'commentCount': '559'}",,[],0.8172516822814941
,,,,,,Atomberg Stand Fan with Remote ‚úÖ Best in the Market üëåüèªüí• Quality Product üî• #atomberg #pedestalfan,,,,,,,youtube,Atomberg Stand Fan with Remote ‚úÖ Best in the Market üëåüèªüí• Quality Product üî• #atomberg #pedestalfan,"{'viewCount': '25535', 'likeCount': '110', 'favoriteCount': '0', 'commentCount': '2'}",,[],0.8084011077880859
,,,,,,"atomberg bldc ceiling fan installation
atomberg bldc fan fitting

Here‚Äôs a helpful step-by-step YouTube guide on installing an Atomberg BLDC ceiling fan ‚Äî clear, visual, and thorough:

üìå Video Details

Title: BLDC Fan Installation step by step with Safety Rope/ Wire #atomberg
Published: ~2.1 years ago
Covered Fan Models: Shows Atomberg Efficio Alpha (and other BLDC fans)
Length & Style: Detailed walkthrough of pre-install checks, mechanical mounting, wiring, safety rope usage, balancing, and testing‚Äîideal for DIY installation.

üéØ Suggested Title, Description & Tags

YouTube Title:
How to Install Atomberg BLDC Ceiling Fan | Step‚Äëby‚ÄëStep Guide

Description (brief):

Learn how to install your Atomberg BLDC ceiling fan safely and efficiently! This step‚Äëby‚Äëstep tutorial covers:

1. Checking electrical supply  
2. Mounting the ceiling plate & safety rope  
3. Connecting live, neutral & earth wires  
4. Securing the fan canopy & blades  
5. Balancing and testing operation

Perfect for Efficio Alpha, Renesa, Studio+, Erica & other Atomberg models.

Tags:

Atomberg,BLDC fan installation,BLDC ceiling fan,DyI fan install,Atomberg Efficio Alpha,Atomberg Renesa,Studio+,Erica,energy saving fan,step by step installation

‚úÖ What Video Includes & Why It's Useful

Pre‚Äëinstallation prep: Confirms power off, wire checks, faceplate and safety rope use‚Äîessential for safe installation.

Mechanical mounting: Guides through assembling canopy, downrod, rotor, and blades.

Electrical wiring: Demonstrates clear connections for live, neutral, earth.

Safety checks: Shows importance of a rope for securing the fan before wiring.

Testing & balancing: Final checks ensure quiet, wobble‚Äëfree operation‚Äîcrucial for BLDC motors.

Let me know if you‚Äôd like a breakdown for a specific model like the Renesa, a written summary, or help finding manuals!",,,,,,,youtube,atomberg bldc ceiling fan installation / atomberg bldc fan fitting  #atomberg #bldcfan #ceilingfan,"{'viewCount': '102614', 'likeCount': '1193', 'favoriteCount': '0', 'commentCount': '4'}",,[],0.7600911855697632
,,,,,,"atomberg bldc pedestal fan installation


#atomberg 
#atombergfan 
#shorts",,,,,,,youtube,atomberg bldc pedestal fan installation,"{'viewCount': '31791', 'likeCount': '358', 'favoriteCount': '0', 'commentCount': '10'}",,[],-0.996150016784668
,,,,,,,,,,,,,youtube,Atomberg Erica Smart Fan Pink Colour for Kids  #youtubeshorts #unboxing #atomberg,"{'viewCount': '16984', 'likeCount': '153', 'favoriteCount': '0', 'commentCount': '0'}",,[],0.8172516822814941
,,,,,,"ATOM and BERG are back. 

This time with an ‚ÄòOoparwala‚Äô that will teach India to save on power bills. 

Atomberg - 5 star rated BLDC fans",,,,,,,youtube,Atomberg TVC I Power Department comes knocking,"{'viewCount': '26055775', 'likeCount': '6553', 'favoriteCount': '0', 'commentCount': '42'}",,[],0.9948630928993225
,,,,,,,,,,,,,youtube,atomberg ceiling fans and Wall fan #experiment #ceilingfan #viralvideo #shorts #shortvideo,"{'viewCount': '267825', 'likeCount': '861', 'favoriteCount': '0', 'commentCount': '0'}",,[],0.8172516822814941
,,,,,,Atomberg Renesa Helo Smart Bldc Fan ‚ùÑÔ∏èüå™Ô∏è #fan #shorts #atomberg #smart #bldc,,,,,,,youtube,Atomberg Renesa Helo Smart Bldc Fan ‚ùÑÔ∏èüå™Ô∏è #fan #shorts #atomberg #smart #bldc,"{'viewCount': '12439', 'likeCount': '74', 'favoriteCount': '0', 'commentCount': '3'}",,[],-0.8262836337089539
