query,page,rank_page,rank_abs,title,url,description,platform,result_type,mention_atomberg,mention_orient,mention_havells,mention_crompton,mention_polycab,engagement_score,sentiment_label,sentiment_score
smart fan,1.0,1.0,1.0,Buy Smart Ceiling Fans Online at Best Price,https://orientelectric.com/collections/smart-ceiling-fans,Shop the latest collection of smart ceiling fans online at the best prices. Experience the ultimate comfort and convenience with these intelligent fans.,google,organic,False,False,False,False,False,0.0,positive,0.9601
smart fan,1.0,2.0,2.0,Buy Smart Fans Online At Amazing Prices Online In India,https://atomberg.com/atomberg-ceiling-fans/smart-fans,"A smart fan offers features like app-based control, voice commands, customizable speeds, and energy efficiency. It improves comfort by adjusting settings ...",google,organic,False,False,False,False,False,0.0,positive,0.9678
smart fan,1.0,3.0,3.0,Smart Fan,https://www.amazon.in/Smart-Fan/s,Orient Electric 1200 mm Aerosense| Smart fan with IoT & Remote| BLDC fan with underlight| Save up to 50% on electricity bills| BEE 5-star rated| 5-year warranty ...,google,organic,False,True,False,False,False,0.0,positive,0.926
smart fan,1.0,4.0,4.0,Buy Smart Ceiling Fans at Best Prices in India,https://www.crompton.co.in/collections/ceiling-fans/smart-fans,"A smart ceiling fan lets you control speed, direction and settings remotely through a smartphone app or voice commands. They are known to enhance convenience, ...",google,organic,False,False,False,False,False,0.0,positive,0.8979
smart fan,1.0,5.0,5.0,Fans,https://havells.com/fans.html,Elio Prime Smart BLDC+ Ceiling Fan. New. Elio Prime Smart BLDC+ Ceiling Fan. Rating: 92%. 5 Reviews. As low as ‚Çπ 5 510.00 (incl. of all taxes) ...,google,organic,False,False,False,False,False,0.0,positive,0.7845
smart fan,1.0,6.0,6.0,,https://www.pcmag.com/picks/the-best-smart-fans,,google,organic,False,False,False,False,False,0.0,neutral,0.0
smart fan,1.0,7.0,7.0,Orient Electric 1200mm Smart Premium Ceiling Fan ...,https://www.flipkart.com/orient-electric-1200mm-smart-premium-ceiling-fan-iot-remote-underlight-1200-mm-3-blade/p/itme5abe72bfc168,"1200mm Smart Premium Ceiling Fan with IOT, Remote & Underlight with 1 Year Warranty 1200 mm Ceiling Fan (WHITE | Pack of 1). Highlights.",google,organic,False,True,False,False,False,0.0,positive,0.8834
smart fan,1.0,8.0,8.0,Buy Smart Renesa IOT Enabled Fan with Remote At ...,https://atomberg.com/atomberg-renesa-smart-iot-enabled-ceiling-fans-with-bldc-motor-and-remote,"Discover Atomberg Renesa IOT enables fan with BLDC motor with remote, LED indicators & aluminum blade & save 65% on electricity.",google,organic,True,False,False,False,False,0.0,positive,0.8591
smart fan,1.0,9.0,9.0,Buy Smart Fans Online at Best Prices,https://www.croma.com/smart-devices/smart-home-devices/smart-fans/c/818,"With intelligent features, like temperature sensors, voice-controlled operation, and app-based control, these fans are set to enhance your cooling experience ...",google,organic,False,False,False,False,False,0.0,positive,0.9081
smart fan,1.0,10.0,10.0,Smart Ceiling Fans - Remote controlled ...,https://dir.indiamart.com/impcat/smart-ceiling-fans.html,"Maxotech Ivory Remote Control Ceiling Fan, 960 Rpm, Model Name/Number: Affleck Ultra ¬∑ Smart Ceiling Fan ¬∑ Smart Ceiling Fan, 1300mm, 330 RPM ¬∑ 1200mm Dhrio BLDC ...",google,organic,False,False,False,False,False,0.0,positive,0.9186
smart fan,1.0,11.0,11.0,Buy Smart Fan Module 10A - OKOS,https://okos.in/products/okos-fan-module-16a-wi-fi,"The Okos Fan Module 10A can be wired-in to virtually any Ceiling Fan by installing it inside any switch board, thereby allowing it to be easily controlled.",google,organic,False,False,False,False,False,0.0,positive,0.875
smart fan,2.0,1.0,12.0,The Best Smart Fans for 2025,https://www.pcmag.com/picks/the-best-smart-fans,"27 Mar 2025 ‚Äî Keep your place cool with a connected fan you can conveniently control with your phone or voice. We've rounded up the best smart ceiling, ...",google,organic,False,False,False,False,False,0.0,positive,0.9545
smart fan,2.0,2.0,13.0,OCECO Fansio Smart with Light: BLDC Fan with IOT in India,https://www.oceco.in/product/oceco-fansio-smart/,"OCECO Fansio Smart fan is a smart ceiling fan with IOT Technology and remote control. It comes with light and is available in wooden, metallic, ...",google,organic,False,False,False,False,False,0.0,positive,0.9186
smart fan,2.0,3.0,14.0,Best Ceiling Fan in India,https://digismartelectricals.com/product-category/ceiling-fan/,"ACTIVA 1200 MM Star Deco 390 RPM High Speed Anti Dust Coating (SMOKE GREY) Ceiling Fan Comes with 3 Year Warranty. ¬∑ 1,249.00 Current price is: ‚Çπ1,249.00.",google,organic,False,False,False,False,False,0.0,positive,0.7579
smart fan,2.0,4.0,15.0,Smart Ceiling Fans | Visual Comfort & Co.,https://www.visualcomfort.com/us/c/smart-fans,Discover smart ceiling fans from Visual Comfort & Co. Beautiful and functional fans that bring sophistication to any room.,google,organic,False,False,False,False,False,0.0,positive,0.9231
smart fan,2.0,5.0,16.0,Smart Fan - Price in India,https://www.bajajfinserv.in/smart-fan,"24 Jul 2024 ‚Äî Smart fans are the future of home cooling, offering advanced features like remote control, voice activation, and energy efficiency.",google,organic,False,False,False,False,False,0.0,positive,0.93
smart fan,2.0,6.0,17.0,Xiaomi Smart Standing Fan 2 - Xiaomi India,https://www.mi.com/in/product/xiaomi-smart-standing-fan-2/,"Xiaomi Smart Standing Fan 2 Price: ‚Çπ6,999 Xiaomi Smart Standing Fan 2 uses a DC copper-wire motor, which has higher operating efficiency and longer service ...",google,organic,False,False,False,False,False,0.0,positive,0.9382
smart fan,2.0,7.0,18.0,Buy Smart Series Collection Online in India,http://fanzartfans.com/product-category/smart-series-collection/,"Buddy ‚Äì Compact table fan with 3D oscillation, eco feature and Remote Control from Smart Series. MRP: ‚Çπ9,990.00 (inclusive of taxes). Fanzart's Buddy, in a ...",google,organic,False,False,False,False,False,0.0,positive,0.7717
smart fan,2.0,8.0,19.0,Smart/IOT Fan Kit,https://www.halonix.co.in/smart-iot/smart-iot-fan-kit/,Halonix Smart IOT Fan Kit is enabled with smart features and turns any regular fan into a smart fan. The cutting-edge technology allows you to operate the fan ...,google,organic,False,False,False,False,False,0.0,positive,0.9485
smart fan,2.0,9.0,20.0,Smart Ceiling Fans,https://www.hunterfan.com/collections/smart-ceiling-fans,"Control lights, fan speed, and direction directly from your smart devices with SIMPLEconnect¬Æ smart ceiling fans from Hunter and a Wi-Fi¬Æ connection.",google,organic,False,False,False,False,False,0.0,positive,0.8555
energy efficient fan,1.0,1.0,1.0,Energy Saving Fans,https://www.amazon.in/energy-saving-fans/s,Orient Electric 1200 mm Zeno BLDC | BLDC energy saving ceiling fan with Remote |BEE 5-star rated | Saves up to 50% on electricity bills | 3-year warranty by ...,google,organic,False,True,False,False,False,0.0,positive,0.6705
energy efficient fan,1.0,2.0,2.0,,https://orientelectric.com/blogs/fans/cut-your-electricity-bill-in-half-the-ultimate-bldc-fan-buying-guide,,google,organic,False,False,False,False,False,0.0,neutral,0.0
energy efficient fan,1.0,3.0,3.0,Buy Premium BLDC Ceiling Fans At Best Prices Online In ...,https://atomberg.com/atomberg-ceiling-fans,"Atomberg BLDC ceiling fans are more energy-efficient, quieter, and durable than normal fans, making them the better choice for Indian homes. Q2. Is BLDC fan ...",google,organic,True,False,False,False,False,0.0,positive,0.8555
energy efficient fan,1.0,4.0,4.0,Buy BLDC Fans (‡§¨‡•Ä‡§è‡§≤‡§°‡•Ä‡§∏‡•Ä ‡§´‡•à‡§®) Online at Best Price in India,https://orientelectric.com/collections/bldc-fans,Experience energy efficiency and superior performance with BLDC ceiling fan! Explore a wide range of fans equipped with advanced BLDC technology that ...,google,organic,False,False,False,False,False,0.0,positive,0.9422
energy efficient fan,1.0,5.0,5.0,"Atomberg: Buy Best Ceiling Fans, Mixer Grinders & Water ...",https://atomberg.com/,"Explore Atomberg's range of energy-saving ceiling fans, mixer grinders, smart water purifier & locks. Designed for modern homes with cutting-edge technology ...",google,organic,True,False,False,False,False,0.0,positive,0.7845
energy efficient fan,1.0,6.0,6.0,Superfan: India's First BLDC Ceiling Fan | 5 Years Warranty,https://superfan.in/,"At the highest speed setting, Superfan SuperQ consumes 1 unit of electricity in 40 hours, while a normal fan consumes 1 unit of electricity in 13 hours. BUY NOW ...",google,organic,False,False,False,False,False,0.0,positive,0.5574
energy efficient fan,1.0,7.0,7.0,Buy Energy Saving Ceiling Fans Online at Best Prices,https://www.croma.com/l/energy-saving-ceiling-fan-0adz01b.html,"Discover our range of energy-saving ceiling fans at Croma. Designed for efficiency and style, these fans enhance your home while reducing energy consumption ...",google,organic,False,False,False,False,False,0.0,positive,0.872
energy efficient fan,1.0,8.0,8.0,National Energy Efficient Fan Programme,https://energy.vikaspedia.in/viewcontent/energy/policy-support/energy-efficiency/national-energy-efficient-fan-programme,Energy Efficient Ceiling Fans of 5-star rating 50 Watts from leading companies such as Usha and Bajaj) will be provided at Rs 60 a month on EMI basis and Rs. ...,google,organic,False,False,False,False,False,0.0,positive,0.8779
energy efficient fan,1.0,9.0,9.0,BLDC Ceiling Fans | Energy Saving | 5 Star | Remote Operated,https://shop.kuhl.in/collections/ceiling-fans,5-star rated Kuhl PRIMA A Fan is just 28-watt and comes with a revolutionary and super energy-efficient BLDC motor technology to save up to 65% electricity.,google,organic,False,False,False,False,False,0.0,positive,0.8885
energy efficient fan,1.0,10.0,10.0,Ceiling Fans,https://www.energystar.gov/products/ceiling_fans,ENERGY STAR certified ceiling fans save energy and help protect the climate by reducing greenhouse gas emissions.,google,organic,False,False,False,False,False,0.0,positive,0.9087
energy efficient fan,1.0,11.0,11.0,Scholarly articles for energy efficient fan,https://scholar.google.co.in/scholar,,google,organic,False,False,False,False,False,0.0,positive,0.7351
energy efficient fan,2.0,2.0,13.0,Energy efficient fans? : r/fans,https://www.reddit.com/r/fans/comments/1djmi0t/energy_efficient_fans/,Some have created pc fan CR air filter boxes that use 7-12 watts. That's a significant difference for someone who runs 3 or more fans a day ...,google,organic,False,False,False,False,False,0.0,positive,0.8402
energy efficient fan,2.0,3.0,14.0,Did you know ceiling fans use 21% of your home's energy ...,https://www.instagram.com/reel/DLkBZd1TOkf/,,google,organic,False,False,False,False,False,0.0,positive,0.2732
energy efficient fan,2.0,4.0,15.0,5 Reasons To Switch To Energy Saving Fans,https://www.crompton.co.in/blogs/fans-guide/5-reasons-to-switch-to-energy-saving-fans,"BLDC fans are a great choice, not only because they are more efficient but also because they help reduce your electricity consumption and by extension, even ...",google,organic,False,False,False,False,False,0.0,positive,0.827
energy efficient fan,2.0,5.0,16.0,Orient Electric Ujala Energy Saver with 2 Year Warranty ...,https://www.flipkart.com/orient-electric-ujala-1200-mm-energy-saving-3-blade-ceiling-fan/p/itma5442b945a94c,"With an overall power consumption of just up to 50 W, the Orient Electric Ujala Ceiling Fan can help you cut down your electricity bills.",google,organic,False,True,False,False,False,0.0,positive,0.6124
energy efficient fan,2.0,6.0,17.0,Advantages of Opting for Energy-Efficient Ceiling Fans,https://www.goldmedalindia.com/blog/advantages-of-opting-for-energy-efficient-ceiling-fans/,20 Jun 2024 ‚Äî Energy-efficient ceiling fans use advanced motors and blade designs to provide better airflow with less energy consumption compared to regular ceiling fans.,google,organic,False,False,False,False,False,0.0,positive,0.8024
energy efficient fan,2.0,7.0,18.0,Energy Saving Ceiling Fan at Best Price in India,https://dir.indiamart.com/impcat/energy-saving-ceiling-fan.html,Energy Saving Ceiling Fan ¬∑ 3 Blades Lazer SUPER ENERGY EFFICIENT Super White 1200 mm Ceiling Fan Regalia ¬∑ 3 Blades 1200 mm Energy Saving Bldc Fan ¬∑ 3 1200 mm ...,google,organic,False,False,False,False,False,0.0,positive,0.9856
energy efficient fan,2.0,8.0,19.0,Energy Efficient Fans,https://www.bestbuy.com/site/shop/energy-efficient-fans,Some use more electricity than others and some are more efficient at moving air around your home. Here are some of the most energy-efficient fans on the market ...,google,organic,False,False,False,False,False,0.0,positive,0.7902
energy efficient fan,2.0,9.0,20.0,Energy Efficient Fans,https://www.jvelectric.co.in/stores/index.php,Summer Crown : 5 STAR rated Ceiling Fan India Orient Summer Crown 48 Watts Ceiling Fan 5 Star Rated Power Saver Color : Twilight Beige PSPO Ceiling Fans - 3 ...,google,organic,False,True,False,False,False,0.0,positive,0.8176
BLDC fan,1.0,1.0,1.0,,https://www.crompton.co.in/blogs/fans-guide/bldc-fans-vs-normal-fans,,google,organic,False,False,False,False,False,0.0,neutral,0.0
BLDC fan,1.0,2.0,2.0,Buy Premium BLDC Ceiling Fans At Best Prices Online In ...,https://atomberg.com/atomberg-ceiling-fans,"Atomberg's BLDC fans give you the same (or better) air delivery as a normal fan while slashing power bills, staying quiet, and working flawlessly.",google,organic,True,False,False,False,False,0.0,positive,0.7351
BLDC fan,1.0,3.0,3.0,Crompton: BLDC Fans,https://www.amazon.in/stores/Crompton/page/F624728E-F41E-472E-B1F2-9CA9AEB563B2,Crompton Energion Cromair 1200mm BLDC Ceiling Fan with Remote Control | BEE 5 Star Rated Energy Efficient | Anti-Rust | Superior Air Delivery | 28 Watt | 5 ...,google,organic,False,False,False,True,False,0.0,positive,0.8658
BLDC fan,1.0,4.0,4.0,V-Guard Industries Limited BLDC Fans,https://vguard.com/collections/bldc,"BLDC Ceiling Fan For Home, Anti Dust Coating, 5-Star Energy Saving, Remote Control, 100% Copper Motor, 1.2M (Choco Brown Matte)",google,organic,False,False,False,False,False,0.0,positive,0.0516
BLDC fan,1.0,5.0,5.0,Buy Energy Efficient BLDC Ceiling Fans | 5 Star Rated and ...,https://shop.kuhl.in/,"Powered by a cutting-edge BLDC motor, this fan sports remarkable electricity savings, low noise operation, and fast cooling with high air flow.",google,organic,False,False,False,False,False,0.0,positive,0.8412
BLDC fan,1.0,6.0,6.0,Bldc Ceiling Fan - Flipkart,https://www.flipkart.com/q/bldc-ceiling-fan,"KUHL | Prima A1, BLDC, 29W, Low Noise, Energy-Saving, 5-Year Warranty with 5 Year Warranty BLDC Motor with Remote 1200 mm Ceiling Fan. 68%. ‚Çπ6,350. ‚Çπ1,999. ‚Çπ ...",google,organic,False,False,False,False,False,0.0,positive,0.3612
BLDC fan,1.0,7.0,7.0,BLDC+ Fans,https://havells.com/bldc-plus-fans,15 May 2025 ‚Äî Havells BLDC+ Fans. Havells has the widest range of BLDC+ fans that saves power upto 65%* as compared to conventional non-star rated fan.,google,organic,False,False,True,False,False,0.0,positive,0.3182
BLDC fan,1.0,8.0,8.0,Buy BLDC Fans (‡§¨‡•Ä‡§è‡§≤‡§°‡•Ä‡§∏‡•Ä ‡§´‡•à‡§®) Online at Best Price in India,https://orientelectric.com/collections/bldc-fans,Experience energy efficiency and superior performance with BLDC ceiling fan! Explore a wide range of fans equipped with advanced BLDC technology that ...,google,organic,False,False,False,False,False,0.0,positive,0.9422
BLDC fan,1.0,9.0,9.0,Superfan: India's First BLDC Ceiling Fan | 5 Years Warranty,https://superfan.in/,Meet Superfan - India's First BLDC Ceiling Fan and Why It's a Game-Changer! ¬∑ Offers 260 CMM voluminous airflow [Read More] ¬∑ Most efficient BLDC ceiling fan ...,google,organic,False,False,False,False,False,0.0,positive,0.8513
BLDC fan,1.0,10.0,10.0,Save Energy With ActivBLDC Motor Technology - Crompton,https://www.crompton.co.in/blogs/fans-guide/save-energy-with-activbldc-motor-technology,"BLDC motor stands for Brushless Direct Current Motor and as the name suggests, it works on direct current electricity.",google,organic,False,False,False,True,False,0.0,positive,0.6486
BLDC fan,2.0,1.0,11.0,Electric Ceiling Fan with BLDC Motor (V3) ISI Marked to IS ...,https://mkp.gem.gov.in/heating-and-ventilation-and-air-circulation-air-circulation-and-parts-and-accessories-electric-ceiling-fan-with-bldc-motor-v3-isi-marked-to-is-374,"Electric Ceiling Fan with BLDC Motor 1200 mm, 5 Star LONGWAY ONETAIL BRANDS TECHNOLOGIES PRIVATE Seller: OEM 4.0 - 4.49 Brand: LONGWAY--ONETAIL BRANDS ...",google,organic,False,False,False,False,False,0.0,positive,0.5574
BLDC fan,2.0,2.0,12.0,Buy Energy Efficient BLDC Ceiling Fans | 5 Star Rated and ...,https://www.kuhl.in/,"BLDC are next generation DC fans, which reduces electricity consumption. Thus generates less heat and have longer life span.",google,organic,False,False,False,False,False,0.0,positive,0.5994
BLDC fan,2.0,3.0,13.0,Buy BLDC Fan (‡§¨‡•Ä‡§è‡§≤‡§°‡•Ä‡§∏‡•Ä ‡§´‡•à‡§®) Online in India at the Best ...,https://polycab.com/fans/ceiling-fan/bldc-fan/c,Upgrade your space with Polycab's high-quality BLDC ceiling fans. Experience powerful performance with advanced BLDC motor technology.,google,organic,False,False,False,False,True,0.0,positive,0.8834
BLDC fan,2.0,4.0,14.0,Stylish & Modern | Energy Efficient BLDC Fans,https://great-white.in/bldc-fans.php,"Discover efficient air circulation and supreme cooling with our BLDC Ceiling Fans. These energy-saving fans ensure refreshing airflow, keeping your space ...",google,organic,False,False,False,False,False,0.0,positive,0.9169
BLDC fan,2.0,5.0,15.0,HOUSE OF HAVELLS: BLDC FANS,https://www.amazon.in/stores/HOUSEOFHAVELLS/page/60FDB750-7396-428A-A7A4-6B9D8712D37F,"Havells 1200mm Elio BLDC Ceiling Fan | Remote Controlled, High Air Delivery Fan | 5 Star Rated, Upto 60% Energy Saving, 2+1* Year Warranty",google,organic,False,False,True,False,False,0.0,positive,0.6908
BLDC fan,2.0,6.0,16.0,BLDC Fan,https://longwayindia.com/collections/bldc-fan,Longway Luminair 1200 mm BLDC Ceiling Fan with Remote Control | BEE 5 Star Rated Energy Efficient | Ultra High Speed 3 Blade Anti-Dust Decorative Ceiling Fan | ...,google,organic,False,False,False,False,False,0.0,positive,0.8689
BLDC fan,2.0,7.0,17.0,Buy BLDC Fans Online at Best Prices,https://www.croma.com/l/BLDC-fans.html,"Unlike traditional fans, BLDC fans operate with a motor that is more efficient and quieter, providing superior airflow while consuming less energy. This ...",google,organic,False,False,False,False,False,0.0,positive,0.9118
BLDC fan,2.0,8.0,18.0,Premium Ceiling Fans - Modern & Stylish Designs,https://houseofsujata.com/fans/ceiling-fans/,"11 Jun 2024 ‚Äî Kinetica BLDC. ‚Çπ8,460.00. Slimair. ‚Çπ5,940.00. impresso bldc fan | House of Sujata ¬∑ Impresso BLDC. ‚Çπ5,940.00. capacito bldc fan | House of ...",google,organic,False,False,False,False,False,0.0,positive,0.5574
BLDC fan,2.0,9.0,19.0,"BLDC Ceiling Fan - BLDC Fan Latest Price, Manufacturers ...",https://dir.indiamart.com/impcat/bldc-ceiling-fan.html,"99,000/Piece. Blade Length (Sweep): 1200 mm. Warranty: 1 Year. Number of Blades: 5 Blades. Noise Level: 60 dB. Ecoair Cooling Systems Private Limited.",google,organic,False,False,False,False,False,0.0,positive,0.4588
BLDC fan,3.0,1.0,20.0,Table Fans,https://atomberg.com/table-fans,SUPER EFFICIENT BLDC MOTOR. FOR MAXIMUM PERFORMANCE ; SILENT OPERATION. Inspite of high air delivery ; KEEPS BUGS OUT. BACK FLAPS PREVENTS INSECTS FROM ENTERING ...,google,organic,False,False,False,False,False,0.0,positive,0.8806
smart fan,,,,Smart Ceiling Fan ü§î #fansound #fan #shortvideo #shorts #viralvideo,VOrnBVxSDvQ,Smart Ceiling Fan #fansound #fan #shortvideo #shorts #viralvideo.,youtube,,,,,,,2529390.0,positive,0.8402
smart fan,,,,Atomberg Renesa smart fan #shorts #youtubeshorts #smartgadgets #homeimprovement #amazonfinds,g3uJjG1zxd0,Atomberg Renesa smart fan #shorts #youtubeshorts #smartgadgets #homeimprovement #amazonfinds #flipkart #atomberg ...,youtube,,,,,,,1298013.0,positive,0.8402
smart fan,,,,Atomberg renesa smart plus 1200 mm ceiling fan pearl white unboxing #atomberg #atombergfan #renesa,eUqNCj2T55I,,youtube,,,,,,,453178.0,positive,0.6124
smart fan,,,,Best BLDC Smart Fan For Home | Atomberg Renesa Plus BLDC FAN with Remote Control..,dunp92Exhqg,Best BLDC Smart Fan For Home | Atomberg Renesa Plus BLDC FAN with Remote Control.. #smartfan #atomberg #remoteconteol ...,youtube,,,,,,,295082.0,positive,0.9734
smart fan,,,,Best BLDC Ceiling Fan In 2025‚ö°Top 3 BLDC Fan 2025 in India Atomberg Renesa Enzel BLDC Fan,SwRKYEhK8dI,atomberg renesa enzel review atomberg renesa enzel 1200mm atomberg renesa enzel 1200mm review atomberg renesa enzel ...,youtube,,,,,,,341109.0,positive,0.8779
smart fan,,,,Atomberg BLDC Ceiling Fan üí∏ This Fan Saves ‚Çπ1500/year!  Atomberg Renesa Halo #Shorts,bRW2z6D96OU,Atomberg Renesa 1200mm ‚Äì Smartest Fan in India? BLDC + Voice Control #Shorts Looking for a stylish and ...,youtube,,,,,,,245829.0,positive,0.8805
smart fan,,,,Atomberg Renesa 1400mm,u_kxhHjHln0,Atomberg Renesa 1400mm mrp 3850 on atomberg website.,youtube,,,,,,,3336558.0,neutral,0.0
smart fan,,,,Atomberg Renesa BLDC smart ceiling fan app control kaise kare. #shorts #youtubeshorts,M51FK8wEg0k,Atomberg renesa bldc smart ceiling fan ka app control kaise kare dekhiye.,youtube,,,,,,,338604.0,positive,0.8402
smart fan,,,,Smart Fan unboxing | Atomberg | LED light #smartfan #atombergfan #atomberg #fan @Yanivibes,_AgHnSPUl8U,Smart Fan | Atomberg | LED light #smartfan #atombergfan #atomberg #fan ‚Äé#speed #speedfan #highspeed #highspeedfan ...,youtube,,,,,,,185.0,positive,0.8402
smart fan,,,,Best BLDC Ceiling Fan in India 2025 | Best BLDC Fan Under 4000,VIeK7Bq-hnM,"best bldc fan under 4000 , best bldc fan under 3500 , best 5 star ceiling fans in India , best bldc ceiling fan in India 2025 Search ...",youtube,,,,,,,37988.0,positive,0.9888
smart fan,,,,Smart fan controller with mobile controller,0aU5FtkCEcc,,youtube,,,,,,,183895.0,positive,0.6124
smart fan,,,,You NEED This Smart Fan to Beat the Summer Heat ü•µü™≠ Dreo Pedestal Fan,VynLdhM_A4A,,youtube,,,,,,,184847.0,positive,0.743
smart fan,,,,2024 New Bladeless Fan Light2024 new bladeless fan light #interiordesign #lampfactory,YG75g6duhNQ,,youtube,,,,,,,214622.0,positive,0.5574
smart fan,,,,How to reset Atomberg Fan . Atomberg renesa smart plus #atomberg #shorts #atombergfan #smartgadgets,EqbYfPfdXHQ,,youtube,,,,,,,222333.0,positive,0.6124
smart fan,,,,Ceiling Fan with Lights &amp; Remote ‚Äì Stylish &amp; Functional Home Upgrade!,MQES_LprVeY,Ceiling Fan with Lights & Remote ‚Äì Stylish & Functional Home Upgrade! #CeilingFan #FanWithLight #HomeDecor #SmartHome ...,youtube,,,,,,,1774859.0,positive,0.6351
smart fan,,,,"The newly developed bladeless ceiling fan light can be switched when the light is turned on,",LI-6Lap5Nv8,"The newly developed bladeless ceiling fan light can be switched when the light is turned on, can rotate and turn, and has strong ...",youtube,,,,,,,131721.0,positive,0.7845
smart fan,,,,Best BLDC Fan Under ‚Çπ2500 üò≥ Best BLDC Ceiling Fan in 2025 India üî•Best Ceiling Fan ‚úÖ,wOvKxWUW-yc,,youtube,,,,,,,493891.0,positive,0.936
smart fan,,,,"Xiaomi Smart Standing Fan 2 - Quiet Smart, Quite Cool",dxe-soiD3to,Unpacking the coolest from the lineup of #XiaomiTurns8 surprises! The #XiaomiSmartStandingFan2 brings you: -Silent BLDC ...,youtube,,,,,,,81647.0,positive,0.8881
smart fan,,,,Ceiling fan üò© atomberg studio smart plus fan #fan #fansound #shorts #shortsvideo #viralvideo,auGsGYXFisg,Ceiling fan atomberg studio smart plus fan #fan #fansound #shorts #shortsvideo #viralvideo.,youtube,,,,,,,967618.0,positive,0.9118
smart fan,,,,Modern Ceiling Fan | Bladeless ceiling fan SMART CEILLING FAN with light #viralshort #ceilingfan,3wkfkBYNnzU,Buy now:-https://amzn.to/3SZYZcj Modern Ceiling Fan SMART CEILLING FAN#viralshort #ceilingfan #gadgests ...,youtube,,,,,,,91793.0,positive,0.9413
smart fan,,,,BLDC Smart Fan üí• Atomberg Studio Smart Plus Fan #shortsvideo #shorts #smartfan,ifhNiEKE9u8,BLDC Smart Fan Atomberg Studio Smart Plus Fan #shortsvideo #shorts #smartfan #atomberg #studiosmartplus #bldcfan ...,youtube,,,,,,,20206.0,positive,0.9517
smart fan,,,,#electrician how to assemble ceiling fan #atomberg Renesa 1200mm  Star Rated Sleek Ceiling Fans,DOoxq7oQRqg,electrician how to assemble ceiling fan #atomberg Renesa 1200mm BLDC Motor 5 Star Rated Sleek Ceiling Fans #electrician ...,youtube,,,,,,,549070.0,positive,0.5574
smart fan,,,,V-Guard smart fan install | #shorts #ytshorts #youtubeshorts #shortsfeed,oPtheqMD9ew,V-Guard smart fan install | #shorts #ytshorts #youtubeshorts #shortsfeed #shorts #shortsfeed #shortsvideo #ytshorts #ytshorts ...,youtube,,,,,,,10883.0,positive,0.8402
smart fan,,,,SMART ceiling fans?  game. changer. üôåüèæ,0a8l87McgCk,,youtube,,,,,,,143063.0,positive,0.5319
smart fan,,,,Variety Of All Smart Ceiling Fans!!!#ceilingfan #bldcceilingfan #smartfan #remotefan #electronic,VSACi7O2Vs4,Variety Of All Smart Ceiling Fans!!!#ceilingfan #bldcceilingfan #smartfan #remotefan #electronic #trendingshorts #viralshorts ...,youtube,,,,,,,648.0,positive,0.7627
smart fan,,,,Atomberg Renesa Helo Smart Bldc Fan ‚ùÑÔ∏èüå™Ô∏è #fan #shorts #atomberg #smart #bldc,XY-mLcbkiIY,Atomberg Renesa Helo Smart Bldc Fan ‚ùÑÔ∏èüå™Ô∏è #fan #shorts #atomberg #smart #bldc.,youtube,,,,,,,12862.0,positive,0.8402
smart fan,,,,Atomberg Renesa 1200mm BLDC Motor 5 Star | Ceiling fan Installation #electricalelectricianwireman,hdDels9Z5ww,bldcfan #smartfan #electricalelectricianwireman #google Atomberg Renesa 1200mm BLDC Motor 5 Star | Atomberg Ceiling fan ...,youtube,,,,,,,1741681.0,positive,0.5574
smart fan,,,,FanLamp Pro App Pair Guide,IbTuwG4n7cA,App pair guide.,youtube,,,,,,,430450.0,neutral,0.0
smart fan,,,,"Coooool Breeze for Days üå¨Ô∏èüçÉüçÉüçÉüçÉüçÉLG Smart Inverter Fan Deals üòéüëåüèæ Special Offer $38,999+GCT",arZ8JQupASM,,youtube,,,,,,,21065.0,positive,0.7717
smart fan,,,,Dreo smart fan,VQpdtszVEBk,,youtube,,,,,,,15842.0,positive,0.6124
energy efficient fan,,,,Atomberg renesa smart plus 1200 mm ceiling fan pearl white unboxing #atomberg #atombergfan #renesa,eUqNCj2T55I,,youtube,,,,,,,453178.0,positive,0.6124
energy efficient fan,,,,Atomberg BLDC Ceiling Fan üí∏ This Fan Saves ‚Çπ1500/year!  Atomberg Renesa Halo #Shorts,bRW2z6D96OU,Atomberg Renesa 1200mm ‚Äì Smartest Fan in India? BLDC + Voice Control #Shorts Looking for a stylish and ...,youtube,,,,,,,245829.0,positive,0.8805
energy efficient fan,,,,Best BLDC Ceiling Fan In 2025‚ö°Top 3 BLDC Fan 2025 in India Atomberg Renesa Enzel BLDC Fan,SwRKYEhK8dI,atomberg renesa enzel review atomberg renesa enzel 1200mm atomberg renesa enzel 1200mm review atomberg renesa enzel ...,youtube,,,,,,,341109.0,positive,0.8779
energy efficient fan,,,,Normal Fan vs BLDC Fan | Detailed Comparison ‚ö°Ô∏è 2023 ‚ö°Ô∏è English,vp5mqP-BaBQ,"In this video, We have done a detailed comparison of Why you should buy a BLDC Ceiling fan over a Normal Ceiling fan, and also ...",youtube,,,,,,,57940.0,positive,0.802
energy efficient fan,,,,üåÄ Best BLDC Ceiling Fan in India 2024 | Atomberg vs Havells vs Crompton vs Orient - Top Picks!,rX7lkKdowbU,Upgrade your home with our comprehensive review of the Best BLDC Ceiling Fans in India for 2024! We compare leading brands ...,youtube,,,,,,,286017.0,positive,0.9335
energy efficient fan,,,,Best BLDC Fan Under ‚Çπ2500 üò≥ Best BLDC Ceiling Fan in 2025 India üî•Best Ceiling Fan ‚úÖ,wOvKxWUW-yc,,youtube,,,,,,,493891.0,positive,0.936
energy efficient fan,,,,8 Blades BLDC Fan | K√ºhl Platin D8 Review üòä,3tfd_RVWtFE,"K√ºhl latest designer ceiling fan with BLDC technology is setting the trend for fancy under light ceiling fans with 8 blades, low noise ...",youtube,,,,,,,551794.0,negative,-0.5319
energy efficient fan,,,,"Atomberg Studio Stainless Steel 150mm BLDC Exhaust Fan | High Speed, Silent &amp; Only Consume 7.5W ü§ë",vIM7Jx036S4,"My advice for you, buy only Atomberg BLDC exhaust fans available in 150mm, 200mm & 250mm sizes (if you can spend extra ...",youtube,,,,,,,2175120.0,negative,-0.2732
energy efficient fan,,,,Atomberg Renesa 1400mm,u_kxhHjHln0,Atomberg Renesa 1400mm mrp 3850 on atomberg website.,youtube,,,,,,,3336558.0,neutral,0.0
energy efficient fan,,,,Air Circulators vs Traditional Fans [WHICH One is BETTER?],ljEOQMuFYw0,Got HVAC problems? Click here to get in touch with local pros https://homecaprice.com/hvac-technician/ Products ...,youtube,,,,,,,139200.0,negative,-0.4696
energy efficient fan,,,,Top 5 Ceiling Fan in India 2025 üî• Best Ceiling Fan Under 1500 üî• Budget Fans üî• Mr Known,zoJRIKAvfeI,Bajaj Frore https://amzn.to/4aJIwkx ‚úìCrompton SUREBREEZE https://amzn.to/3Q3BGwu ‚úìOrient Electric Apex ...,youtube,,,,,,,179995.0,positive,0.8625
energy efficient fan,,,,Watch Before you Buy A New Best BLDC Fan in 2024,QAYhWY270MM,Free Call Consultation: https://bit.ly/SumitYPFConsult Important Videos     ‚ñ∑ Ceiling Fan Playlist  : https://bit.ly/EtaFan OR ...,youtube,,,,,,,139482.0,positive,0.9169
energy efficient fan,,,,Best BLDC Smart Fan For Home | Atomberg Renesa Plus BLDC FAN with Remote Control..,dunp92Exhqg,Best BLDC Smart Fan For Home | Atomberg Renesa Plus BLDC FAN with Remote Control.. #smartfan #atomberg #remoteconteol ...,youtube,,,,,,,295082.0,positive,0.9734
energy efficient fan,,,,Atomberg Renesa Enzel 1200mm BLDC Ceiling fan #viral #youtubeshorts #atomberg #amazon #kerala,XhfpqLn0mlg,Product Link: https://amzn.in/d/ekS84W8.,youtube,,,,,,,122989.0,positive,0.3182
energy efficient fan,,,,This Fan Saves More Energy ‚ö° | Superfan Super X1 #Shorts #EnergySaver,NOOnVYNBa6g,Superfan Super X1 ‚Äì the 5-star rated ceiling fan that gives you super air with super savings. Key Features: Consumes less ...,youtube,,,,,,,4727.0,positive,0.9723
energy efficient fan,,,,Oasis Fan Light Energy-saving Led Ceiling Fan ü™© #fanlight #ceilingfan #fanenergy #shorts,oGUB1Qjep6A,Oasis Fan Light Energy-saving Led Ceiling Fan #fanlight #ceilingfan #shortsviral #fanenergy #shorts #beautifulfans #bigfan ...,youtube,,,,,,,35154.0,positive,0.802
energy efficient fan,,,,Crompton SUREBREEZE SEA SAPPHIRA 1200 mm Ceiling Fan for Home | BEE Star Rated Energy Efficient Fan,cjIOnluLXAk,Product details Amazon link: https://amzn.to/4gGSzZM Flipkart link: https://fktr.in/M4SlHpY Crompton SUREBREEZE SEA ...,youtube,,,,,,,12410.0,positive,0.8481
energy efficient fan,,,,"MeacoFan 1056 Air Circulator - super quiet, energy efficient fan | QVCUK",ExKAeZEAR0U,"This Air Circulator Fan from Meaco features a super quiet, energy efficient design with a sleek spherical shape and multiple ...",youtube,,,,,,,3481.0,positive,0.9648
energy efficient fan,,,,#electrician how to assemble ceiling fan #atomberg Renesa 1200mm  Star Rated Sleek Ceiling Fans,DOoxq7oQRqg,electrician how to assemble ceiling fan #atomberg Renesa 1200mm BLDC Motor 5 Star Rated Sleek Ceiling Fans #electrician ...,youtube,,,,,,,549070.0,positive,0.5574
energy efficient fan,,,,Save $100 with this energy-efficient fan for better air circulation! #review,3bAIMjTOfkg,Save $100 with this energy-saving fan for better air circulation! #review #fyp #summerhacks.,youtube,,,,,,,1474.0,positive,0.9467
energy efficient fan,,,,Black Atomberg Studio BLDC Motor Energy Saving 150 mm Exhaust Fan#coppermotor#blackscreenstatus,ezHk4PazCNc,Black Atomberg Studio BLDC Motor Energy Saving 150 mm Exhaust Fan#coppermotor#blackscreenstatus #exhaust ...,youtube,,,,,,,101553.0,negative,-0.0516
energy efficient fan,,,,ATOMBERG Renesa Ceiling Fan || BLDC Motor fan || Energy Efficient fan,Q1PSnvGqAU8,"This video is about BLDC motored ATOMBERG RENESA Ceiling Fan. It is an super saver, energy efficient DC motored fan that ...",youtube,,,,,,,2580.0,positive,0.969
energy efficient fan,,,,Atomberg Fan || Amazon shopping|| Renesa Celling|| Energy|| Efficient Fan With BLDC Motor and Remote,wzLxPuUIDE4,Atomberg Fan #Celling Energy Efficient Fan RENESA Energy-Efficient #Remote Fan #Energy Fan #Efficient Fan #Celling Energy ...,youtube,,,,,,,377.0,positive,0.9705
energy efficient fan,,,,Havells Stealth BLDC Fan | Energy-Efficient Fans | Tamil,jk3u8S2ae0U,TVCTamil We can't predict the future but we can surely improve it. Havells is here with the future of savings so that we can save ...,youtube,,,,,,,1307499.0,positive,0.926
energy efficient fan,,,,USHA Racer 1200mm 50 Watt Energy Efficient 1 Star Rated Power Saving High Speed Ceiling Fan (Ivory),b0YmI-5DWAQ,Product details Amazon link: https://amzn.to/3DFs1t7 Flipkart link: https://fktr.in/EPe0ZpP USHA Racer 1200mm 50 Watt Energy ...,youtube,,,,,,,24572.0,positive,0.8402
energy efficient fan,,,,Awesome Atomberg 5 Star Energy Efficient BLDC Fan | #short #shorts #reels #viral #trending #yt,XOuoI4x0h5M,Awesome Atomberg 5 Star Energy Efficient BLDC Fan | #short #shorts #reels #viral #trending #yt #viralvideo If You Like this Video ...,youtube,,,,,,,1552.0,positive,0.9723
energy efficient fan,,,,The 5 Best Energy Efficient Fans of 2021,bEfDyygmKDQ,All The Links to Best Energy Efficient Fans listed in this Video:- ‚ñª5. Genesis Twin Window Fan.,youtube,,,,,,,1203.0,positive,0.9612
energy efficient fan,,,,Atomberg Renesa Enzel 1200mm | Best BLDC Ceiling Fan with Remote Control #unboxing #trending #yt,jcJAjYDVtAo,"WHY CHOOSE ATOMBERG? As the pioneers of BLDC technology in India, Atomberg offers the largest range of BLDC fans to suit ...",youtube,,,,,,,11991.0,positive,0.7579
energy efficient fan,,,,Best Ceiling Fans 2025 | BLDC Fans,NDKD-B_i3mg,Mega comparison of over 50 BLDC Ceiling Fans. *Amazon buying links below*   All top recommended ceiling fans ...,youtube,,,,,,,185657.0,positive,0.7783
energy efficient fan,,,,Stay cool &amp; save 70% with our energy-efficient fans! #IndusHomeAppliances#ceilingfans,HIOZ33xox6U,,youtube,,,,,,,1076.0,positive,0.6996
BLDC fan,,,,Best BLDC Ceiling Fan In 2025‚ö°Top 3 BLDC Fan 2025 in India Atomberg Renesa Enzel BLDC Fan,SwRKYEhK8dI,atomberg renesa enzel review atomberg renesa enzel 1200mm atomberg renesa enzel 1200mm review atomberg renesa enzel ...,youtube,,,,,,,341109.0,positive,0.8779
BLDC fan,,,,Watch Before you Buy A New Best BLDC Fan in 2024,QAYhWY270MM,Free Call Consultation: https://bit.ly/SumitYPFConsult Important Videos     ‚ñ∑ Ceiling Fan Playlist  : https://bit.ly/EtaFan OR ...,youtube,,,,,,,139482.0,positive,0.9169
BLDC fan,,,,Best BLDC Fan Under ‚Çπ2500 üò≥ Best BLDC Ceiling Fan in 2025 India üî•Best Ceiling Fan ‚úÖ,wOvKxWUW-yc,,youtube,,,,,,,493891.0,positive,0.936
BLDC fan,,,,BLDC Vs Normal Pedestal Fan Of Atomberg &amp; Luminous | Quick Comparison üßê,GNaDeXEISVo,"A quick comparison of Atomberg Efficio+ and Luminous Fanfare Pro pedestal fans: Speed Test, Oscillation Test, Features ...",youtube,,,,,,,1295029.0,positive,0.3182
BLDC fan,,,,polycab BLDC ceiling fan quick installation #bldcfan #ceilingfan,QlmUYtn21Qk,googlesearch #mpmallick #automobile #subscribemychannel #electronic #viralvideo #electrical #trendingvideo #lifehacks ...,youtube,,,,,,,220795.0,positive,0.3182
BLDC fan,,,,Atomberg Rensa Plus BLDC Fan #gadgetshorts  #shorts,nVPNjae59-s,Atomberg Rensa Plus BLDC Fan #gadgetshorts #shorts atomberg Renesa+ 1200mm BLDC Motor 5 Star Rated Ceiling Fans for ...,youtube,,,,,,,2511501.0,positive,0.5574
BLDC fan,,,,Best BLDC Ceiling Fan in India 2025 | Best BLDC Fan Under 4000,VIeK7Bq-hnM,"best bldc fan under 4000 , best bldc fan under 3500 , best 5 star ceiling fans in India , best bldc ceiling fan in India 2025 Search ...",youtube,,,,,,,37988.0,positive,0.9888
BLDC fan,,,,Havells BLDC fan remote pairing #viral #bldcfan #shortsfeed #remote,o9s0JyxNelU,,youtube,,,,,,,468627.0,positive,0.3182
BLDC fan,,,,üåÄ Best BLDC Ceiling Fan in India 2024 | Atomberg vs Havells vs Crompton vs Orient - Top Picks!,rX7lkKdowbU,Upgrade your home with our comprehensive review of the Best BLDC Ceiling Fans in India for 2024! We compare leading brands ...,youtube,,,,,,,286017.0,positive,0.9335
BLDC fan,,,,Best BLDC Smart Fan For Home | Atomberg Renesa Plus BLDC FAN with Remote Control..,dunp92Exhqg,Best BLDC Smart Fan For Home | Atomberg Renesa Plus BLDC FAN with Remote Control.. #smartfan #atomberg #remoteconteol ...,youtube,,,,,,,295082.0,positive,0.9734
BLDC fan,,,,Orient BLDC remote celling fan amazing speed #orient #remote #fans #amazing #speed,uaKDysJ_uTk,Orient BLDC remote celling fan amazing speed #orient #remote #fans #amazing #speed @debrajmaiti1234 @MrBeast2 ...,youtube,,,,,,,307733.0,positive,0.9042
BLDC fan,,,,8 Blades BLDC Fan | K√ºhl Platin D8 Review üòä,3tfd_RVWtFE,"K√ºhl latest designer ceiling fan with BLDC technology is setting the trend for fancy under light ceiling fans with 8 blades, low noise ...",youtube,,,,,,,551794.0,negative,-0.5319
BLDC fan,,,,BLDC CEILING FAN #havells 1200MM,fy4dJlZMlac,,youtube,,,,,,,461834.0,positive,0.4648
BLDC fan,,,,Atomberg BLDC Ceiling Fan üí∏ This Fan Saves ‚Çπ1500/year!  Atomberg Renesa Halo #Shorts,bRW2z6D96OU,Atomberg Renesa 1200mm ‚Äì Smartest Fan in India? BLDC + Voice Control #Shorts Looking for a stylish and ...,youtube,,,,,,,245829.0,positive,0.8805
BLDC fan,,,,V Guard Insight G bldc fan. Best BLDC fan,09hNNcoluzw,,youtube,,,,,,,269862.0,positive,0.8316
BLDC fan,,,,Atomberg BLDC Ceiling fan Sleep Mode Use #atombergfan #renesa  #bldcfan Atomberg Fan remote function,bQbKhXIE9V0,Atomberg BLDC Ceiling fan Sleep Mode Use #atombergfan #renesa #bldcfan Atomberg Fan remote function Atomberg BLDC fan ...,youtube,,,,,,,303396.0,positive,0.8591
BLDC fan,,,,Normal Fan vs BLDC Fan | Detailed Comparison ‚ö°Ô∏è 2023 ‚ö°Ô∏è English,vp5mqP-BaBQ,"In this video, We have done a detailed comparison of Why you should buy a BLDC Ceiling fan over a Normal Ceiling fan, and also ...",youtube,,,,,,,57940.0,positive,0.802
BLDC fan,,,,"AC, DC, Bldc Conversion Kit For Old Ceiling Fan, #bldckit #bldckitinstall #shorts",xNyEhNhfpO4,"AC, DC, Bldc Conversion Kit For Old Ceiling Fan, How to Install BLDC Conversion Kit !! convert Old ceiling fan to BLDC fan ...",youtube,,,,,,,22711.0,positive,0.8309
BLDC fan,,,,Installing the V-Guard INSIGHT-G BLDC Fan! üîßEasy Setup+Remote Control Magic! #VGuard #Installation,p4HSHGs4_IY,,youtube,,,,,,,42292.0,positive,0.4374
BLDC fan,,,,Atomberg bldc fan installation / bldc ceiling fan installation / atomberg ceiling fan fitting #home,_B_G_H5YpxM,Here's a suggested YouTube video title and description for a video on installing an Atomberg BLDC ceiling fan: --- Title: How to ...,youtube,,,,,,,2366442.0,positive,0.802
BLDC fan,,,,Best Ceiling Fans 2025 | BLDC Fans,NDKD-B_i3mg,Mega comparison of over 50 BLDC Ceiling Fans. *Amazon buying links below*   All top recommended ceiling fans ...,youtube,,,,,,,185657.0,positive,0.7783
BLDC fan,,,,Atomberg BLDC fan || how to install a BLDC fan || best BLDC celin fan #bldcfan,xhm4LOSdJwo,"Welcome to our BLDC Fan Unboxing Video! In today's episode, we're excited to unveil and explore the cutting-edge world of ...",youtube,,,,,,,143061.0,positive,0.9523
BLDC fan,,,,Atomberg Ikano BLDC ceiling fan,Z1tV1m7W-LA,,youtube,,,,,,,1548711.0,positive,0.3182
BLDC fan,,,,BLDC Fan vs Normal Fan üí° | Real Electricity Cost Comparison &amp; Savings Explained (2025),CuhCDNq7gpY,BLDC Fans vs Normal Fans ‚Äî Which one actually saves more electricity and money? Let's break it down with real numbers.,youtube,,,,,,,7331.0,positive,0.5574
BLDC fan,,,,atomberg bldc ceiling fan installation / atomberg bldc fan fitting  #atomberg #bldcfan #ceilingfan,nusaiUSPyGM,atomberg bldc ceiling fan installation atomberg bldc fan fitting Here's a helpful step-by-step YouTube guide on installing an ...,youtube,,,,,,,108918.0,positive,0.875
BLDC fan,,,,"India‚Äôs First BLDC Fan SuperFan | Energy Efficient, Durable &amp; Proudly Indian üáÆüá≥ ‚Äì Buy SuperFan! #fyp",nXMqjajagEE,Join this channel to get access to perks: https://www.youtube.com/channel/UCgfeKYGaAMAgaITBNGQ18sA/join #Superfan ...,youtube,,,,,,,768033.0,positive,0.906
BLDC fan,,,,BAJAJ BLDC REMOTE CONTROL FAN #new  2023,juRyopXXH6Y,,youtube,,,,,,,669159.0,positive,0.4648
BLDC fan,,,,&quot;BLDC Fan Working Principle | Brushless DC Motor&quot;,a1nD84Z_rps,"BLDC Fan Working Principle | Brushless DC Motor In this video, we'll explore the working principle of a BLDC (Brushless DC) Fan ...",youtube,,,,,,,59070.0,positive,0.7096
BLDC fan,,,,"Atomberg Studio Stainless Steel 150mm BLDC Exhaust Fan | High Speed, Silent &amp; Only Consume 7.5W ü§ë",vIM7Jx036S4,"My advice for you, buy only Atomberg BLDC exhaust fans available in 150mm, 200mm & 250mm sizes (if you can spend extra ...",youtube,,,,,,,2175120.0,negative,-0.2732
BLDC fan,,,,Which Superfan is Best For You? BLDC Ceiling Fan Models: Features &amp; Choices Explained-Superfan India,szByy4nw8aY,"Looking for the perfect Superfan ceiling fan for your space? This video explains all Superfan models, their unique features, and ...",youtube,,,,,,,182.0,positive,0.9163
